id,petId,quantity,status,complete
"-9223372036854775808","1566",4,placed,false
"-9223372036854775809","1567","1",placed,true
"0","1569",3,delivered,true
"9223372036854775808","1568","2",approved,false
"id","1569","3",delivered,true
,"1570","32",delivered,true
"4556","-9223372036854775808",4,placed,false
"4556","-9223372036854775809","4",placed,false
"4557","9223372036854775808","5",approved,true
"4558","0",6,delivered,false
"4558","petId","6",delivered,false
"45582",,"6",delivered,false
"4559","1345",-2147483648,placed,true
"4559","1345","-2147483649",placed,true
"4560","1346","2147483648",approved,false
"4561","1347",0,delivered,true
"4561","1347","quantity",delivered,true
"45613","13473",,delivered,true
"45614","13474","15","testStatus",true
"45615","13476","2",,true
"45616","13477","3",approved,"test"
"45617","13478","4",placed,
